Period,Model,N,Alpha (ann.),t-statistic,p-value,R²,Adj. R²
Pre-1990,CAPM,762,0.021948485123135388,3.165903323377017,0.00160772011226884,0.03757713772942284,0.03631079185801411
Pre-1990,FF3,762,0.0250440589903149,3.6761749740373655,0.00025345759885619934,0.08066319617660855,0.07702466001371922
Pre-1990,FF5,318,0.008998706966205507,1.100706653101667,0.2718728297188351,0.024464801510144074,0.008831224611268174
Pre-1990,Q5,276,0.024570193244794654,2.42152510374505,0.016114806449989194,0.06170712960976177,0.044331335713646336
Post-1990,CAPM,420,0.005288457837781594,0.6464596475070358,0.5183365024877826,3.295164982297649e-05,-0.0023593140160866888
Post-1990,FF3,420,0.00411867986416256,0.5056006607098242,0.6134048014768712,0.016243597037054358,0.009149199900302274
Post-1990,FF5,420,0.0013893088274551275,0.1648166585280601,0.869168734718011,0.026165916552366553,0.014404635351308204
Post-1990,Q5,420,0.001439386378583961,0.16056506565664008,0.8725142878929217,0.01429349578832162,0.002388827863059828
