Frequency,Coefficient,t-statistic,p-value,R²,N
Monthly,-8.759175845652266e-06,-0.5051825303996708,0.6136639669099342,0.000534744061458925,479
