Frequency,Coefficient,t-statistic,p-value,R²,N
Daily,6.894448480962835e-08,0.12138812443598897,0.9033860429687031,1.4622462248814472e-06,10079
