Period,Model,N,Alpha (ann.),t-statistic,p-value,R²,Adj. R²
Pre-1990,CAPM,17084,0.0829005747202448,14.610929872258303,0.0,0.03214794863817627,0.032091289461770645
Pre-1990,FF3,17084,0.08421268078829255,14.866565680371073,0.0,0.036317044039950175,0.0361477788837512
Pre-1990,FF5,6664,0.08402152161704964,16.332416599859677,0.0,0.1325941993451102,0.1319427981730954
Pre-1990,Q5,5781,0.08880535951687714,16.139582451512577,0.0,0.11082695798945297,0.11005711119983352
Post-1990,CAPM,8817,0.016369561381169996,2.5921284912478813,0.009554153392362874,0.001579826804813944,0.001466563030203094
Post-1990,FF3,8817,0.015786866469837377,2.5434481581671804,0.010993371082889114,0.03586404812346322,0.03553585025036332
Post-1990,FF5,8817,0.013315103232638851,2.1499086152466984,0.03158957968316445,0.04343689156689967,0.04289406832979081
Post-1990,Q5,8817,0.013711035664662414,2.185128761392415,0.028905654331381037,0.023417189141138106,0.0228630052738934
